<?xml version="1.0" encoding="UTF-8"?>
<con:soapui-project id="9d9c43e1-8980-4260-8a35-f0d03061dc9a" activeEnvironment="Default" name="REST Project 1" soapui-version="5.4.0" abortOnError="false" runType="SEQUENTIAL" resourceRoot="${projectDir}" xmlns:con="http://eviware.com/soapui/config"><con:settings/><con:interface xsi:type="con:RestService" id="344052d1-2af2-4afd-9803-71a203cfcb83" wadlVersion="http://wadl.dev.java.net/2009/02" name="http://localhost" type="rest" xmlns:xsi="http://www.w3.org/2001/XMLSchema-instance"><con:settings/><con:definitionCache type="TEXT" rootPart=""/><con:endpoints><con:endpoint>http://localhost</con:endpoint><con:endpoint>http://samuel-Lenovo-ideapad-510-15ISK:8089/</con:endpoint></con:endpoints><con:resource name="Direcciones" path="/direcciones/" id="e4645273-5c89-418f-946a-e1b84c9056fd"><con:settings/><con:parameters/><con:method name="Direcciones 1" id="0e828c68-28d3-4ffa-93ef-b578ccb2aea7" method="GET"><con:settings/><con:parameters/><con:representation type="FAULT"><con:mediaType>text/html; charset=iso-8859-1</con:mediaType><con:status>404</con:status><con:params/><con:element>html</con:element></con:representation><con:representation type="RESPONSE"><con:mediaType>application/json</con:mediaType><con:status>200</con:status><con:params/><con:element xmlns:dir="http://localhost/direcciones/">dir:Response</con:element></con:representation><con:request name="Request 1" id="94f2e1d8-b0a9-405c-8b43-5e022baba86a" mediaType="application/json"><con:settings><con:setting id="com.eviware.soapui.impl.wsdl.WsdlRequest@request-headers">&lt;xml-fragment/></con:setting></con:settings><con:endpoint>http://localhost:8082</con:endpoint><con:request/><con:originalUri>http://localhost/direcciones/</con:originalUri><con:credentials><con:authType>No Authorization</con:authType></con:credentials><con:jmsConfig JMSDeliveryMode="PERSISTENT"/><con:jmsPropertyConfig/><con:parameters/></con:request></con:method></con:resource></con:interface><con:restMockService id="06a1739c-3133-496f-95c5-a0c167e809e0" port="8082" path="/" host="samuel-Lenovo-ideapad-510-15ISK" name="REST MockService 1" docroot=""><con:settings/><con:properties/><con:restMockAction name="/direcciones/" method="GET" resourcePath="/direcciones/" id="e5acac02-878f-4efc-a03d-28394058757d"><con:settings/><con:defaultResponse xsi:nil="true" xmlns:xsi="http://www.w3.org/2001/XMLSchema-instance"/><con:dispatchStyle>SEQUENCE</con:dispatchStyle><con:dispatchPath>/*
// Script dispatcher is used to select a response based on the incoming request.
// Here are few examples showing how to match based on path, query param, header and body

// Match based on path
def requestPath = mockRequest.getPath()
log.info "Path: "+ requestPath

if( requestPath.contains("json") )
{
    // return the name of the response you want to dispatch
    return "JSON Response"
}


// Match based on query parameter
def queryString = mockRequest.getRequest().getQueryString()
log.info "QueryString: " + queryString

if( queryString.contains("stockholm") )
{
    // return the name of the response you want to dispatch
    return "Response Stockholm"
}
else if( queryString.contains("london") )
{
    // return the name of the response you want to dispatch
    return "Response London"
}


// Match based on header
def acceptEncodingHeaderList = mockRequest.getRequestHeaders().get("Accept-Encoding")
log.info "AcceptEncoding Header List: " + acceptEncodingHeaderList

if( acceptEncodingHeaderList.contains("gzip,deflate") )
{
    // return the name of the response you want to dispatch
    return "GZiped Response"
}


// Match based on body
def requestBody = mockRequest.getRequestContent()
log.info "Request body: " + requestBody

if( requestBody.contains("some data") )
{
    // return the name of the response you want to dispatch
    return "Response N"
}
*/
</con:dispatchPath><con:response name="Response 1" id="c72f1f60-ea49-4db0-ac1e-9a0377462f8e" httpResponseStatus="200" mediaType="application/json"><con:settings/><con:responseContent>{
  "drones": [
    {
      "direcciones": [
        "AAAAIAIAD",
        "DAAIAI",
        "DAIADAD",
        "AAIADADD"
      ]
    },
    {
      "direcciones": [
        "AAAIAIAD",
        "DAAIAIA",
        "DAIADADA",
        "AAIAADADD"
      ]
    },
    {
      "direcciones": [
        "AAIAIAIAD",
        "DAIAIAIA",
        "DAIADIADA",
        "AAIAADADID"
      ]
    }
  ]
}</con:responseContent></con:response></con:restMockAction></con:restMockService><con:properties/><con:wssContainer/><con:oAuth2ProfileContainer/><con:oAuth1ProfileContainer/><con:sensitiveInformation/></con:soapui-project>